{
  "hash": "7e115f14",
  "configHash": "18f0589a",
  "lockfileHash": "54385022",
  "browserHash": "7657534b",
  "optimized": {
    "@angular/common": {
      "src": "../../../../../node_modules/@angular/common/fesm2022/common.mjs",
      "file": "@angular_common.js",
      "fileHash": "dacec1a9",
      "needsInterop": false
    },
    "@angular/core": {
      "src": "../../../../../node_modules/@angular/core/fesm2022/core.mjs",
      "file": "@angular_core.js",
      "fileHash": "10bfb3da",
      "needsInterop": false
    },
    "@angular/forms": {
      "src": "../../../../../node_modules/@angular/forms/fesm2022/forms.mjs",
      "file": "@angular_forms.js",
      "fileHash": "044d0cee",
      "needsInterop": false
    },
    "@angular/platform-browser": {
      "src": "../../../../../node_modules/@angular/platform-browser/fesm2022/platform-browser.mjs",
      "file": "@angular_platform-browser.js",
      "fileHash": "a3fb8b27",
      "needsInterop": false
    },
    "@angular/router": {
      "src": "../../../../../node_modules/@angular/router/fesm2022/router.mjs",
      "file": "@angular_router.js",
      "fileHash": "25edba14",
      "needsInterop": false
    }
  },
  "chunks": {
    "chunk-D2CBZPU7": {
      "file": "chunk-D2CBZPU7.js"
    },
    "chunk-33UENKCN": {
      "file": "chunk-33UENKCN.js"
    },
    "chunk-T4EO7UJD": {
      "file": "chunk-T4EO7UJD.js"
    }
  }
}