{
  "hash": "556a6772",
  "configHash": "54d63db2",
  "lockfileHash": "cf269777",
  "browserHash": "53cad9d8",
  "optimized": {
    "@angular/common": {
      "src": "../../../../../node_modules/@angular/common/fesm2022/common.mjs",
      "file": "@angular_common.js",
      "fileHash": "be537249",
      "needsInterop": false
    },
    "@angular/core": {
      "src": "../../../../../node_modules/@angular/core/fesm2022/core.mjs",
      "file": "@angular_core.js",
      "fileHash": "50d390a9",
      "needsInterop": false
    },
    "@angular/platform-browser": {
      "src": "../../../../../node_modules/@angular/platform-browser/fesm2022/platform-browser.mjs",
      "file": "@angular_platform-browser.js",
      "fileHash": "d192a98f",
      "needsInterop": false
    },
    "@angular/router": {
      "src": "../../../../../node_modules/@angular/router/fesm2022/router.mjs",
      "file": "@angular_router.js",
      "fileHash": "0312d83d",
      "needsInterop": false
    }
  },
  "chunks": {
    "chunk-KXGEEABP": {
      "file": "chunk-KXGEEABP.js"
    },
    "chunk-D4CVIIVF": {
      "file": "chunk-D4CVIIVF.js"
    },
    "chunk-4SRVQOJF": {
      "file": "chunk-4SRVQOJF.js"
    }
  }
}