{
  "hash": "3d62c9c6",
  "configHash": "81227721",
  "lockfileHash": "022329b1",
  "browserHash": "5348d952",
  "optimized": {
    "@angular/common": {
      "src": "../../../../../node_modules/@angular/common/fesm2022/common.mjs",
      "file": "@angular_common.js",
      "fileHash": "c4548229",
      "needsInterop": false
    },
    "@angular/common/http": {
      "src": "../../../../../node_modules/@angular/common/fesm2022/http.mjs",
      "file": "@angular_common_http.js",
      "fileHash": "f41f4dd1",
      "needsInterop": false
    },
    "@angular/core": {
      "src": "../../../../../node_modules/@angular/core/fesm2022/core.mjs",
      "file": "@angular_core.js",
      "fileHash": "fccaa0c8",
      "needsInterop": false
    },
    "@angular/platform-browser": {
      "src": "../../../../../node_modules/@angular/platform-browser/fesm2022/platform-browser.mjs",
      "file": "@angular_platform-browser.js",
      "fileHash": "8545bb2d",
      "needsInterop": false
    },
    "@angular/router": {
      "src": "../../../../../node_modules/@angular/router/fesm2022/router.mjs",
      "file": "@angular_router.js",
      "fileHash": "c8092723",
      "needsInterop": false
    }
  },
  "chunks": {
    "chunk-MSXQUEDS": {
      "file": "chunk-MSXQUEDS.js"
    },
    "chunk-PADD43QC": {
      "file": "chunk-PADD43QC.js"
    },
    "chunk-C6435UVC": {
      "file": "chunk-C6435UVC.js"
    },
    "chunk-BMYWVJG5": {
      "file": "chunk-BMYWVJG5.js"
    }
  }
}