{
  "hash": "8d566082",
  "configHash": "a4d02805",
  "lockfileHash": "16ca4378",
  "browserHash": "7be44c63",
  "optimized": {
    "@angular/core": {
      "src": "../../../../../node_modules/@angular/core/fesm2022/core.mjs",
      "file": "@angular_core.js",
      "fileHash": "6262b436",
      "needsInterop": false
    },
    "@angular/forms": {
      "src": "../../../../../node_modules/@angular/forms/fesm2022/forms.mjs",
      "file": "@angular_forms.js",
      "fileHash": "a1655666",
      "needsInterop": false
    },
    "@angular/platform-browser": {
      "src": "../../../../../node_modules/@angular/platform-browser/fesm2022/platform-browser.mjs",
      "file": "@angular_platform-browser.js",
      "fileHash": "5309d01f",
      "needsInterop": false
    },
    "@angular/router": {
      "src": "../../../../../node_modules/@angular/router/fesm2022/router.mjs",
      "file": "@angular_router.js",
      "fileHash": "95bcc38e",
      "needsInterop": false
    },
    "rxjs": {
      "src": "../../../../../node_modules/rxjs/dist/esm5/index.js",
      "file": "rxjs.js",
      "fileHash": "e643e0b1",
      "needsInterop": false
    }
  },
  "chunks": {
    "chunk-P3AJYMCG": {
      "file": "chunk-P3AJYMCG.js"
    },
    "chunk-6S5LFUVB": {
      "file": "chunk-6S5LFUVB.js"
    },
    "chunk-LGAJH4RL": {
      "file": "chunk-LGAJH4RL.js"
    },
    "chunk-R7GQRDZ6": {
      "file": "chunk-R7GQRDZ6.js"
    }
  }
}